TIME,GEO,CITIZEN,SEX,AGE,ASYL_APP,UNIT,Value,Flag and Footnotes
2009,Austria,Extra-EU28,Total,Total,First time applicant,Person,0,
2010,Austria,Extra-EU28,Total,Total,First time applicant,Person,0,
2011,Austria,Extra-EU28,Total,Total,First time applicant,Person,0,
2012,Austria,Extra-EU28,Total,Total,First time applicant,Person,0,
2013,Austria,Extra-EU28,Total,Total,First time applicant,Person,0,
2014,Austria,Extra-EU28,Total,Total,First time applicant,Person,"25,675",
2015,Austria,Extra-EU28,Total,Total,First time applicant,Person,"85,505",
2016,Austria,Extra-EU28,Total,Total,First time applicant,Person,"39,875",
2017,Austria,Extra-EU28,Total,Total,First time applicant,Person,"22,455",
2018,Austria,Extra-EU28,Total,Total,First time applicant,Person,"11,580",
2009,Belgium,Extra-EU28,Total,Total,First time applicant,Person,"16,595",
2010,Belgium,Extra-EU28,Total,Total,First time applicant,Person,"21,565",
2011,Belgium,Extra-EU28,Total,Total,First time applicant,Person,"25,355",
2012,Belgium,Extra-EU28,Total,Total,First time applicant,Person,"18,335",
2013,Belgium,Extra-EU28,Total,Total,First time applicant,Person,"11,965",
2014,Belgium,Extra-EU28,Total,Total,First time applicant,Person,"14,045",
2015,Belgium,Extra-EU28,Total,Total,First time applicant,Person,"38,990",
2016,Belgium,Extra-EU28,Total,Total,First time applicant,Person,"14,250",
2017,Belgium,Extra-EU28,Total,Total,First time applicant,Person,"14,035",
2018,Belgium,Extra-EU28,Total,Total,First time applicant,Person,"18,130",
2009,Bulgaria,Extra-EU28,Total,Total,First time applicant,Person,0,
2010,Bulgaria,Extra-EU28,Total,Total,First time applicant,Person,0,
2011,Bulgaria,Extra-EU28,Total,Total,First time applicant,Person,705,
2012,Bulgaria,Extra-EU28,Total,Total,First time applicant,Person,"1,230",
2013,Bulgaria,Extra-EU28,Total,Total,First time applicant,Person,"6,980",
2014,Bulgaria,Extra-EU28,Total,Total,First time applicant,Person,"10,805",
2015,Bulgaria,Extra-EU28,Total,Total,First time applicant,Person,"20,160",
2016,Bulgaria,Extra-EU28,Total,Total,First time applicant,Person,"18,990",
2017,Bulgaria,Extra-EU28,Total,Total,First time applicant,Person,"3,470",
2018,Bulgaria,Extra-EU28,Total,Total,First time applicant,Person,"2,465",
2009,Croatia,Extra-EU28,Total,Total,First time applicant,Person,0,
2010,Croatia,Extra-EU28,Total,Total,First time applicant,Person,0,
2011,Croatia,Extra-EU28,Total,Total,First time applicant,Person,0,
2012,Croatia,Extra-EU28,Total,Total,First time applicant,Person,0,
2013,Croatia,Extra-EU28,Total,Total,First time applicant,Person,"1,045",
2014,Croatia,Extra-EU28,Total,Total,First time applicant,Person,380,
2015,Croatia,Extra-EU28,Total,Total,First time applicant,Person,140,
2016,Croatia,Extra-EU28,Total,Total,First time applicant,Person,"2,150",
2017,Croatia,Extra-EU28,Total,Total,First time applicant,Person,880,
2018,Croatia,Extra-EU28,Total,Total,First time applicant,Person,675,
2009,Cyprus,Extra-EU28,Total,Total,First time applicant,Person,"3,200",
2010,Cyprus,Extra-EU28,Total,Total,First time applicant,Person,"2,835",
2011,Cyprus,Extra-EU28,Total,Total,First time applicant,Person,"1,745",
2012,Cyprus,Extra-EU28,Total,Total,First time applicant,Person,"1,590",
2013,Cyprus,Extra-EU28,Total,Total,First time applicant,Person,"1,150",
2014,Cyprus,Extra-EU28,Total,Total,First time applicant,Person,"1,480",
2015,Cyprus,Extra-EU28,Total,Total,First time applicant,Person,"2,105",
2016,Cyprus,Extra-EU28,Total,Total,First time applicant,Person,"2,840",
2017,Cyprus,Extra-EU28,Total,Total,First time applicant,Person,"4,475",
2018,Cyprus,Extra-EU28,Total,Total,First time applicant,Person,"7,610",
2009,Czechia,Extra-EU28,Total,Total,First time applicant,Person,620,
2010,Czechia,Extra-EU28,Total,Total,First time applicant,Person,380,
2011,Czechia,Extra-EU28,Total,Total,First time applicant,Person,485,
2012,Czechia,Extra-EU28,Total,Total,First time applicant,Person,505,
2013,Czechia,Extra-EU28,Total,Total,First time applicant,Person,490,
2014,Czechia,Extra-EU28,Total,Total,First time applicant,Person,905,
2015,Czechia,Extra-EU28,Total,Total,First time applicant,Person,"1,235",
2016,Czechia,Extra-EU28,Total,Total,First time applicant,Person,"1,200",
2017,Czechia,Extra-EU28,Total,Total,First time applicant,Person,"1,140",
2018,Czechia,Extra-EU28,Total,Total,First time applicant,Person,"1,350",
2009,Denmark,Extra-EU28,Total,Total,First time applicant,Person,"3,720",
2010,Denmark,Extra-EU28,Total,Total,First time applicant,Person,"5,065",
2011,Denmark,Extra-EU28,Total,Total,First time applicant,Person,"3,945",
2012,Denmark,Extra-EU28,Total,Total,First time applicant,Person,"6,045",
2013,Denmark,Extra-EU28,Total,Total,First time applicant,Person,"7,170",
2014,Denmark,Extra-EU28,Total,Total,First time applicant,Person,"14,535",
2015,Denmark,Extra-EU28,Total,Total,First time applicant,Person,"20,825",
2016,Denmark,Extra-EU28,Total,Total,First time applicant,Person,"6,055",
2017,Denmark,Extra-EU28,Total,Total,First time applicant,Person,"3,125",
2018,Denmark,Extra-EU28,Total,Total,First time applicant,Person,"3,465",
2009,Estonia,Extra-EU28,Total,Total,First time applicant,Person,35,
2010,Estonia,Extra-EU28,Total,Total,First time applicant,Person,30,
2011,Estonia,Extra-EU28,Total,Total,First time applicant,Person,65,
2012,Estonia,Extra-EU28,Total,Total,First time applicant,Person,75,
2013,Estonia,Extra-EU28,Total,Total,First time applicant,Person,95,
2014,Estonia,Extra-EU28,Total,Total,First time applicant,Person,145,
2015,Estonia,Extra-EU28,Total,Total,First time applicant,Person,225,
2016,Estonia,Extra-EU28,Total,Total,First time applicant,Person,150,
2017,Estonia,Extra-EU28,Total,Total,First time applicant,Person,180,
2018,Estonia,Extra-EU28,Total,Total,First time applicant,Person,90,
2009,European Union - 28 countries,Extra-EU28,Total,Total,First time applicant,Person,"195,840",
2010,European Union - 28 countries,Extra-EU28,Total,Total,First time applicant,Person,"206,880",
2011,European Union - 28 countries,Extra-EU28,Total,Total,First time applicant,Person,"263,135",d
2012,European Union - 28 countries,Extra-EU28,Total,Total,First time applicant,Person,"278,280",
2013,European Union - 28 countries,Extra-EU28,Total,Total,First time applicant,Person,"367,825",
2014,European Union - 28 countries,Extra-EU28,Total,Total,First time applicant,Person,"562,680",
2015,European Union - 28 countries,Extra-EU28,Total,Total,First time applicant,Person,"1,256,610",
2016,European Union - 28 countries,Extra-EU28,Total,Total,First time applicant,Person,"1,206,045",
2017,European Union - 28 countries,Extra-EU28,Total,Total,First time applicant,Person,"654,610",
2018,European Union - 28 countries,Extra-EU28,Total,Total,First time applicant,Person,"586,235",
2009,Finland,Extra-EU28,Total,Total,First time applicant,Person,0,
2010,Finland,Extra-EU28,Total,Total,First time applicant,Person,0,
2011,Finland,Extra-EU28,Total,Total,First time applicant,Person,0,
2012,Finland,Extra-EU28,Total,Total,First time applicant,Person,"2,905",
2013,Finland,Extra-EU28,Total,Total,First time applicant,Person,"2,985",
2014,Finland,Extra-EU28,Total,Total,First time applicant,Person,"3,490",
2015,Finland,Extra-EU28,Total,Total,First time applicant,Person,"32,150",
2016,Finland,Extra-EU28,Total,Total,First time applicant,Person,"5,275",
2017,Finland,Extra-EU28,Total,Total,First time applicant,Person,"4,325",
2018,Finland,Extra-EU28,Total,Total,First time applicant,Person,"2,945",
2009,France,Extra-EU28,Total,Total,First time applicant,Person,"42,070",
2010,France,Extra-EU28,Total,Total,First time applicant,Person,"48,030",
2011,France,Extra-EU28,Total,Total,First time applicant,Person,"52,140",
2012,France,Extra-EU28,Total,Total,First time applicant,Person,"54,265",
2013,France,Extra-EU28,Total,Total,First time applicant,Person,"60,475",
2014,France,Extra-EU28,Total,Total,First time applicant,Person,"58,845",
2015,France,Extra-EU28,Total,Total,First time applicant,Person,"70,570",
2016,France,Extra-EU28,Total,Total,First time applicant,Person,"76,790",
2017,France,Extra-EU28,Total,Total,First time applicant,Person,"91,965",
2018,France,Extra-EU28,Total,Total,First time applicant,Person,"111,415",
2009,Germany (until 1990 former territory of the FRG),Extra-EU28,Total,Total,First time applicant,Person,"27,575",
2010,Germany (until 1990 former territory of the FRG),Extra-EU28,Total,Total,First time applicant,Person,"41,245",
2011,Germany (until 1990 former territory of the FRG),Extra-EU28,Total,Total,First time applicant,Person,"45,680",
2012,Germany (until 1990 former territory of the FRG),Extra-EU28,Total,Total,First time applicant,Person,"64,410",
2013,Germany (until 1990 former territory of the FRG),Extra-EU28,Total,Total,First time applicant,Person,"109,375",
2014,Germany (until 1990 former territory of the FRG),Extra-EU28,Total,Total,First time applicant,Person,"172,945",
2015,Germany (until 1990 former territory of the FRG),Extra-EU28,Total,Total,First time applicant,Person,"441,800",
2016,Germany (until 1990 former territory of the FRG),Extra-EU28,Total,Total,First time applicant,Person,"722,265",
2017,Germany (until 1990 former territory of the FRG),Extra-EU28,Total,Total,First time applicant,Person,"198,255",
2018,Germany (until 1990 former territory of the FRG),Extra-EU28,Total,Total,First time applicant,Person,"161,885",
2009,Greece,Extra-EU28,Total,Total,First time applicant,Person,0,
2010,Greece,Extra-EU28,Total,Total,First time applicant,Person,0,
2011,Greece,Extra-EU28,Total,Total,First time applicant,Person,"9,310",
2012,Greece,Extra-EU28,Total,Total,First time applicant,Person,"9,575",
2013,Greece,Extra-EU28,Total,Total,First time applicant,Person,"7,860",
2014,Greece,Extra-EU28,Total,Total,First time applicant,Person,"7,585",
2015,Greece,Extra-EU28,Total,Total,First time applicant,Person,"11,370",
2016,Greece,Extra-EU28,Total,Total,First time applicant,Person,"49,875",
2017,Greece,Extra-EU28,Total,Total,First time applicant,Person,"56,940",
2018,Greece,Extra-EU28,Total,Total,First time applicant,Person,"64,975",
2009,Hungary,Extra-EU28,Total,Total,First time applicant,Person,0,
2010,Hungary,Extra-EU28,Total,Total,First time applicant,Person,0,
2011,Hungary,Extra-EU28,Total,Total,First time applicant,Person,0,
2012,Hungary,Extra-EU28,Total,Total,First time applicant,Person,0,
2013,Hungary,Extra-EU28,Total,Total,First time applicant,Person,"18,565",
2014,Hungary,Extra-EU28,Total,Total,First time applicant,Person,"41,215",
2015,Hungary,Extra-EU28,Total,Total,First time applicant,Person,"174,435",
2016,Hungary,Extra-EU28,Total,Total,First time applicant,Person,"28,215",
2017,Hungary,Extra-EU28,Total,Total,First time applicant,Person,"3,115",
2018,Hungary,Extra-EU28,Total,Total,First time applicant,Person,635,
2009,Iceland,Extra-EU28,Total,Total,First time applicant,Person,0,
2010,Iceland,Extra-EU28,Total,Total,First time applicant,Person,0,
2011,Iceland,Extra-EU28,Total,Total,First time applicant,Person,0,
2012,Iceland,Extra-EU28,Total,Total,First time applicant,Person,0,
2013,Iceland,Extra-EU28,Total,Total,First time applicant,Person,0,
2014,Iceland,Extra-EU28,Total,Total,First time applicant,Person,0,
2015,Iceland,Extra-EU28,Total,Total,First time applicant,Person,360,
2016,Iceland,Extra-EU28,Total,Total,First time applicant,Person,"1,100",
2017,Iceland,Extra-EU28,Total,Total,First time applicant,Person,"1,065",
2018,Iceland,Extra-EU28,Total,Total,First time applicant,Person,730,
2009,Ireland,Extra-EU28,Total,Total,First time applicant,Person,"2,650",
2010,Ireland,Extra-EU28,Total,Total,First time applicant,Person,"1,915",
2011,Ireland,Extra-EU28,Total,Total,First time applicant,Person,"1,280",
2012,Ireland,Extra-EU28,Total,Total,First time applicant,Person,940,
2013,Ireland,Extra-EU28,Total,Total,First time applicant,Person,940,
2014,Ireland,Extra-EU28,Total,Total,First time applicant,Person,"1,440",
2015,Ireland,Extra-EU28,Total,Total,First time applicant,Person,"3,270",
2016,Ireland,Extra-EU28,Total,Total,First time applicant,Person,"2,235",
2017,Ireland,Extra-EU28,Total,Total,First time applicant,Person,"2,910",
2018,Ireland,Extra-EU28,Total,Total,First time applicant,Person,"3,655",
2009,Italy,Extra-EU28,Total,Total,First time applicant,Person,"17,640",
2010,Italy,Extra-EU28,Total,Total,First time applicant,Person,"10,000",
2011,Italy,Extra-EU28,Total,Total,First time applicant,Person,"40,300",
2012,Italy,Extra-EU28,Total,Total,First time applicant,Person,"17,170",
2013,Italy,Extra-EU28,Total,Total,First time applicant,Person,"25,720",
2014,Italy,Extra-EU28,Total,Total,First time applicant,Person,"63,655",
2015,Italy,Extra-EU28,Total,Total,First time applicant,Person,"82,830",
2016,Italy,Extra-EU28,Total,Total,First time applicant,Person,"121,185",
2017,Italy,Extra-EU28,Total,Total,First time applicant,Person,"126,550",
2018,Italy,Extra-EU28,Total,Total,First time applicant,Person,"53,440",
2009,Latvia,Extra-EU28,Total,Total,First time applicant,Person,50,
2010,Latvia,Extra-EU28,Total,Total,First time applicant,Person,60,
2011,Latvia,Extra-EU28,Total,Total,First time applicant,Person,335,
2012,Latvia,Extra-EU28,Total,Total,First time applicant,Person,190,
2013,Latvia,Extra-EU28,Total,Total,First time applicant,Person,185,
2014,Latvia,Extra-EU28,Total,Total,First time applicant,Person,365,
2015,Latvia,Extra-EU28,Total,Total,First time applicant,Person,330,
2016,Latvia,Extra-EU28,Total,Total,First time applicant,Person,345,
2017,Latvia,Extra-EU28,Total,Total,First time applicant,Person,355,
2018,Latvia,Extra-EU28,Total,Total,First time applicant,Person,175,
2009,Liechtenstein,Extra-EU28,Total,Total,First time applicant,Person,0,
2010,Liechtenstein,Extra-EU28,Total,Total,First time applicant,Person,0,
2011,Liechtenstein,Extra-EU28,Total,Total,First time applicant,Person,0,
2012,Liechtenstein,Extra-EU28,Total,Total,First time applicant,Person,0,
2013,Liechtenstein,Extra-EU28,Total,Total,First time applicant,Person,0,
2014,Liechtenstein,Extra-EU28,Total,Total,First time applicant,Person,0,
2015,Liechtenstein,Extra-EU28,Total,Total,First time applicant,Person,0,
2016,Liechtenstein,Extra-EU28,Total,Total,First time applicant,Person,75,
2017,Liechtenstein,Extra-EU28,Total,Total,First time applicant,Person,145,
2018,Liechtenstein,Extra-EU28,Total,Total,First time applicant,Person,145,
2009,Lithuania,Extra-EU28,Total,Total,First time applicant,Person,210,
2010,Lithuania,Extra-EU28,Total,Total,First time applicant,Person,370,
2011,Lithuania,Extra-EU28,Total,Total,First time applicant,Person,405,
2012,Lithuania,Extra-EU28,Total,Total,First time applicant,Person,560,
2013,Lithuania,Extra-EU28,Total,Total,First time applicant,Person,250,
2014,Lithuania,Extra-EU28,Total,Total,First time applicant,Person,385,
2015,Lithuania,Extra-EU28,Total,Total,First time applicant,Person,275,
2016,Lithuania,Extra-EU28,Total,Total,First time applicant,Person,415,
2017,Lithuania,Extra-EU28,Total,Total,First time applicant,Person,520,
2018,Lithuania,Extra-EU28,Total,Total,First time applicant,Person,385,
2009,Luxembourg,Extra-EU28,Total,Total,First time applicant,Person,0,
2010,Luxembourg,Extra-EU28,Total,Total,First time applicant,Person,0,
2011,Luxembourg,Extra-EU28,Total,Total,First time applicant,Person,"1,915",
2012,Luxembourg,Extra-EU28,Total,Total,First time applicant,Person,"2,000",
2013,Luxembourg,Extra-EU28,Total,Total,First time applicant,Person,990,
2014,Luxembourg,Extra-EU28,Total,Total,First time applicant,Person,"1,030",
2015,Luxembourg,Extra-EU28,Total,Total,First time applicant,Person,"2,360",
2016,Luxembourg,Extra-EU28,Total,Total,First time applicant,Person,"2,065",
2017,Luxembourg,Extra-EU28,Total,Total,First time applicant,Person,"2,320",
2018,Luxembourg,Extra-EU28,Total,Total,First time applicant,Person,"2,225",
2009,Malta,Extra-EU28,Total,Total,First time applicant,Person,"2,385",
2010,Malta,Extra-EU28,Total,Total,First time applicant,Person,145,
2011,Malta,Extra-EU28,Total,Total,First time applicant,Person,"1,865",
2012,Malta,Extra-EU28,Total,Total,First time applicant,Person,"2,060",
2013,Malta,Extra-EU28,Total,Total,First time applicant,Person,"2,200",
2014,Malta,Extra-EU28,Total,Total,First time applicant,Person,"1,275",
2015,Malta,Extra-EU28,Total,Total,First time applicant,Person,"1,695",
2016,Malta,Extra-EU28,Total,Total,First time applicant,Person,"1,735",
2017,Malta,Extra-EU28,Total,Total,First time applicant,Person,"1,610",
2018,Malta,Extra-EU28,Total,Total,First time applicant,Person,"2,035",
2009,Netherlands,Extra-EU28,Total,Total,First time applicant,Person,"14,880",
2010,Netherlands,Extra-EU28,Total,Total,First time applicant,Person,"13,290",
2011,Netherlands,Extra-EU28,Total,Total,First time applicant,Person,"11,560",
2012,Netherlands,Extra-EU28,Total,Total,First time applicant,Person,"9,660",p
2013,Netherlands,Extra-EU28,Total,Total,First time applicant,Person,"9,815",
2014,Netherlands,Extra-EU28,Total,Total,First time applicant,Person,"21,780",
2015,Netherlands,Extra-EU28,Total,Total,First time applicant,Person,"43,035",
2016,Netherlands,Extra-EU28,Total,Total,First time applicant,Person,"19,285",
2017,Netherlands,Extra-EU28,Total,Total,First time applicant,Person,"16,090",
2018,Netherlands,Extra-EU28,Total,Total,First time applicant,Person,"20,465",
2009,Norway,Extra-EU28,Total,Total,First time applicant,Person,"16,470",
2010,Norway,Extra-EU28,Total,Total,First time applicant,Person,"9,270",
2011,Norway,Extra-EU28,Total,Total,First time applicant,Person,"8,520",
2012,Norway,Extra-EU28,Total,Total,First time applicant,Person,"9,210",
2013,Norway,Extra-EU28,Total,Total,First time applicant,Person,"11,430",
2014,Norway,Extra-EU28,Total,Total,First time applicant,Person,"10,910",
2015,Norway,Extra-EU28,Total,Total,First time applicant,Person,"30,470",
2016,Norway,Extra-EU28,Total,Total,First time applicant,Person,"3,240",
2017,Norway,Extra-EU28,Total,Total,First time applicant,Person,"3,350",
2018,Norway,Extra-EU28,Total,Total,First time applicant,Person,"2,530",
2009,Poland,Extra-EU28,Total,Total,First time applicant,Person,"9,655",
2010,Poland,Extra-EU28,Total,Total,First time applicant,Person,"4,330",
2011,Poland,Extra-EU28,Total,Total,First time applicant,Person,"4,985",
2012,Poland,Extra-EU28,Total,Total,First time applicant,Person,"9,175",
2013,Poland,Extra-EU28,Total,Total,First time applicant,Person,"13,970",
2014,Poland,Extra-EU28,Total,Total,First time applicant,Person,"5,610",
2015,Poland,Extra-EU28,Total,Total,First time applicant,Person,"10,255",
2016,Poland,Extra-EU28,Total,Total,First time applicant,Person,"9,780",
2017,Poland,Extra-EU28,Total,Total,First time applicant,Person,"3,005",
2018,Poland,Extra-EU28,Total,Total,First time applicant,Person,"2,405",
2009,Portugal,Extra-EU28,Total,Total,First time applicant,Person,140,
2010,Portugal,Extra-EU28,Total,Total,First time applicant,Person,155,
2011,Portugal,Extra-EU28,Total,Total,First time applicant,Person,275,
2012,Portugal,Extra-EU28,Total,Total,First time applicant,Person,290,
2013,Portugal,Extra-EU28,Total,Total,First time applicant,Person,500,
2014,Portugal,Extra-EU28,Total,Total,First time applicant,Person,440,
2015,Portugal,Extra-EU28,Total,Total,First time applicant,Person,870,
2016,Portugal,Extra-EU28,Total,Total,First time applicant,Person,710,
2017,Portugal,Extra-EU28,Total,Total,First time applicant,Person,"1,015",
2018,Portugal,Extra-EU28,Total,Total,First time applicant,Person,"1,240",
2009,Romania,Extra-EU28,Total,Total,First time applicant,Person,0,
2010,Romania,Extra-EU28,Total,Total,First time applicant,Person,0,
2011,Romania,Extra-EU28,Total,Total,First time applicant,Person,"1,695",
2012,Romania,Extra-EU28,Total,Total,First time applicant,Person,"2,420",
2013,Romania,Extra-EU28,Total,Total,First time applicant,Person,"1,405",
2014,Romania,Extra-EU28,Total,Total,First time applicant,Person,"1,500",
2015,Romania,Extra-EU28,Total,Total,First time applicant,Person,"1,225",
2016,Romania,Extra-EU28,Total,Total,First time applicant,Person,"1,855",
2017,Romania,Extra-EU28,Total,Total,First time applicant,Person,"4,700",
2018,Romania,Extra-EU28,Total,Total,First time applicant,Person,"1,945",
2009,Slovakia,Extra-EU28,Total,Total,First time applicant,Person,0,
2010,Slovakia,Extra-EU28,Total,Total,First time applicant,Person,315,
2011,Slovakia,Extra-EU28,Total,Total,First time applicant,Person,320,
2012,Slovakia,Extra-EU28,Total,Total,First time applicant,Person,550,
2013,Slovakia,Extra-EU28,Total,Total,First time applicant,Person,290,
2014,Slovakia,Extra-EU28,Total,Total,First time applicant,Person,230,
2015,Slovakia,Extra-EU28,Total,Total,First time applicant,Person,270,
2016,Slovakia,Extra-EU28,Total,Total,First time applicant,Person,100,
2017,Slovakia,Extra-EU28,Total,Total,First time applicant,Person,150,
2018,Slovakia,Extra-EU28,Total,Total,First time applicant,Person,155,
2009,Slovenia,Extra-EU28,Total,Total,First time applicant,Person,175,
2010,Slovenia,Extra-EU28,Total,Total,First time applicant,Person,195,
2011,Slovenia,Extra-EU28,Total,Total,First time applicant,Person,305,
2012,Slovenia,Extra-EU28,Total,Total,First time applicant,Person,260,
2013,Slovenia,Extra-EU28,Total,Total,First time applicant,Person,240,
2014,Slovenia,Extra-EU28,Total,Total,First time applicant,Person,355,
2015,Slovenia,Extra-EU28,Total,Total,First time applicant,Person,260,
2016,Slovenia,Extra-EU28,Total,Total,First time applicant,Person,"1,265",
2017,Slovenia,Extra-EU28,Total,Total,First time applicant,Person,"1,435",
2018,Slovenia,Extra-EU28,Total,Total,First time applicant,Person,"2,800",
2009,Spain,Extra-EU28,Total,Total,First time applicant,Person,0,
2010,Spain,Extra-EU28,Total,Total,First time applicant,Person,"2,550",
2011,Spain,Extra-EU28,Total,Total,First time applicant,Person,"2,970",
2012,Spain,Extra-EU28,Total,Total,First time applicant,Person,"2,350",
2013,Spain,Extra-EU28,Total,Total,First time applicant,Person,"4,285",
2014,Spain,Extra-EU28,Total,Total,First time applicant,Person,"5,460",
2015,Spain,Extra-EU28,Total,Total,First time applicant,Person,"14,600",
2016,Spain,Extra-EU28,Total,Total,First time applicant,Person,"15,570",
2017,Spain,Extra-EU28,Total,Total,First time applicant,Person,"33,035",
2018,Spain,Extra-EU28,Total,Total,First time applicant,Person,"52,730",
2009,Sweden,Extra-EU28,Total,Total,First time applicant,Person,"23,600",
2010,Sweden,Extra-EU28,Total,Total,First time applicant,Person,"31,785",
2011,Sweden,Extra-EU28,Total,Total,First time applicant,Person,"29,630",
2012,Sweden,Extra-EU28,Total,Total,First time applicant,Person,"43,835",
2013,Sweden,Extra-EU28,Total,Total,First time applicant,Person,"49,225",
2014,Sweden,Extra-EU28,Total,Total,First time applicant,Person,"74,980",
2015,Sweden,Extra-EU28,Total,Total,First time applicant,Person,"156,110",
2016,Sweden,Extra-EU28,Total,Total,First time applicant,Person,"22,330",
2017,Sweden,Extra-EU28,Total,Total,First time applicant,Person,"22,190",
2018,Sweden,Extra-EU28,Total,Total,First time applicant,Person,"18,075",
2009,Switzerland,Extra-EU28,Total,Total,First time applicant,Person,"14,415",
2010,Switzerland,Extra-EU28,Total,Total,First time applicant,Person,"13,420",
2011,Switzerland,Extra-EU28,Total,Total,First time applicant,Person,"19,230",
2012,Switzerland,Extra-EU28,Total,Total,First time applicant,Person,"25,775",
2013,Switzerland,Extra-EU28,Total,Total,First time applicant,Person,"19,315",
2014,Switzerland,Extra-EU28,Total,Total,First time applicant,Person,"21,940",
2015,Switzerland,Extra-EU28,Total,Total,First time applicant,Person,"38,060",
2016,Switzerland,Extra-EU28,Total,Total,First time applicant,Person,"25,820",
2017,Switzerland,Extra-EU28,Total,Total,First time applicant,Person,"16,615",
2018,Switzerland,Extra-EU28,Total,Total,First time applicant,Person,"13,465",
2009,Total,Extra-EU28,Total,Total,First time applicant,Person,"226,725",
2010,Total,Extra-EU28,Total,Total,First time applicant,Person,"229,575",
2011,Total,Extra-EU28,Total,Total,First time applicant,Person,"290,885",d
2012,Total,Extra-EU28,Total,Total,First time applicant,Person,"313,265",
2013,Total,Extra-EU28,Total,Total,First time applicant,Person,"398,570",
2014,Total,Extra-EU28,Total,Total,First time applicant,Person,"595,530",
2015,Total,Extra-EU28,Total,Total,First time applicant,Person,"1,325,505",
2016,Total,Extra-EU28,Total,Total,First time applicant,Person,"1,236,285",
2017,Total,Extra-EU28,Total,Total,First time applicant,Person,"675,780",
2018,Total,Extra-EU28,Total,Total,First time applicant,Person,"603,110",
2009,United Kingdom,Extra-EU28,Total,Total,First time applicant,Person,"30,645",
2010,United Kingdom,Extra-EU28,Total,Total,First time applicant,Person,"22,615",
2011,United Kingdom,Extra-EU28,Total,Total,First time applicant,Person,"25,870",
2012,United Kingdom,Extra-EU28,Total,Total,First time applicant,Person,"27,885",
2013,United Kingdom,Extra-EU28,Total,Total,First time applicant,Person,"29,640",
2014,United Kingdom,Extra-EU28,Total,Total,First time applicant,Person,"32,120",
2015,United Kingdom,Extra-EU28,Total,Total,First time applicant,Person,"39,720",
2016,United Kingdom,Extra-EU28,Total,Total,First time applicant,Person,"39,240",
2017,United Kingdom,Extra-EU28,Total,Total,First time applicant,Person,"34,355",
2018,United Kingdom,Extra-EU28,Total,Total,First time applicant,Person,"37,290",
,,,,,,,,
,,,,,,,,
,,,,,,,,
,,,,,,,,
,,,,,,,,
,,,,,,,,
,,,,,,,,
,,,,,,,,
,,,,,,,,
,,,,,,,,
,,,,,,,,
,,,,,,,,
,,,,,,,,
,,,,,,,,
,,,,,,,,
,,,,,,,,
,,,,,,,,
,,,,,,,,
,,,,,,,,
,,,,,,,,
,,,,,,,,
,,,,,,,,
,,,,,,,,
,,,,,,,,
,,,,,,,,
,,,,,,,,
,,,,,,,,
,,,,,,,,
,,,,,,,,
,,,,,,,,
,,,,,,,,
,,,,,,,,
,,,,,,,,
,,,,,,,,
,,,,,,,,
,,,,,,,,
,,,,,,,,
,,,,,,,,
,,,,,,,,
,,,,,,,,
,,,,,,,,
,,,,,,,,
,,,,,,,,
,,,,,,,,
,,,,,,,,
,,,,,,,,
,,,,,,,,
,,,,,,,,
,,,,,,,,
,,,,,,,,
,,,,,,,,
,,,,,,,,
,,,,,,,,
,,,,,,,,
,,,,,,,,
,,,,,,,,
,,,,,,,,
,,,,,,,,
,,,,,,,,
,,,,,,,,
,,,,,,,,
,,,,,,,,
,,,,,,,,
,,,,,,,,
,,,,,,,,
,,,,,,,,
,,,,,,,,
,,,,,,,,
,,,,,,,,d
,,,,,,,,
,,,,,,,,
,,,,,,,,
,,,,,,,,
,,,,,,,,
,,,,,,,,
,,,,,,,,
,,,,,,,,
,,,,,,,,
,,,,,,,,
,,,,,,,,
,,,,,,,,
,,,,,,,,
,,,,,,,,
,,,,,,,,
,,,,,,,,
,,,,,,,,
,,,,,,,,
,,,,,,,,
,,,,,,,,
,,,,,,,,
,,,,,,,,
,,,,,,,,
,,,,,,,,
,,,,,,,,
,,,,,,,,
,,,,,,,,
,,,,,,,,
,,,,,,,,
,,,,,,,,
,,,,,,,,
,,,,,,,,
,,,,,,,,d
,,,,,,,,
,,,,,,,,
,,,,,,,,
,,,,,,,,
,,,,,,,,
,,,,,,,,
,,,,,,,,
,,,,,,,,
,,,,,,,,
,,,,,,,,
,,,,,,,,
,,,,,,,,
,,,,,,,,
,,,,,,,,
,,,,,,,,
,,,,,,,,
,,,,,,,,
,,,,,,,,
,,,,,,,,
,,,,,,,,p
,,,,,,,,
,,,,,,,,
,,,,,,,,
,,,,,,,,
,,,,,,,,
,,,,,,,,
,,,,,,,,
,,,,,,,,
,,,,,,,,
,,,,,,,,
,,,,,,,,
,,,,,,,,
,,,,,,,,
,,,,,,,,
,,,,,,,,
,,,,,,,,
,,,,,,,,
,,,,,,,,
,,,,,,,,
,,,,,,,,
,,,,,,,,
,,,,,,,,
,,,,,,,,
,,,,,,,,
,,,,,,,,
,,,,,,,,
,,,,,,,,
,,,,,,,,
,,,,,,,,
,,,,,,,,
,,,,,,,,
,,,,,,,,
,,,,,,,,
,,,,,,,,
,,,,,,,,
,,,,,,,,
,,,,,,,,
,,,,,,,,
,,,,,,,,
,,,,,,,,
,,,,,,,,
,,,,,,,,
,,,,,,,,
,,,,,,,,
,,,,,,,,
,,,,,,,,
,,,,,,,,
,,,,,,,,
,,,,,,,,
,,,,,,,,
,,,,,,,,
,,,,,,,,
,,,,,,,,
,,,,,,,,
,,,,,,,,
,,,,,,,,
,,,,,,,,
,,,,,,,,
,,,,,,,,
,,,,,,,,
,,,,,,,,
,,,,,,,,
,,,,,,,,
,,,,,,,,
,,,,,,,,
,,,,,,,,
,,,,,,,,
,,,,,,,,
,,,,,,,,
,,,,,,,,
,,,,,,,,
,,,,,,,,
,,,,,,,,
,,,,,,,,
,,,,,,,,
,,,,,,,,
,,,,,,,,
,,,,,,,,
,,,,,,,,
,,,,,,,,
,,,,,,,,
,,,,,,,,
,,,,,,,,
,,,,,,,,
,,,,,,,,
,,,,,,,,
,,,,,,,,
,,,,,,,,
,,,,,,,,
,,,,,,,,
,,,,,,,,
,,,,,,,,
,,,,,,,,
,,,,,,,,
,,,,,,,,
,,,,,,,,
,,,,,,,,
,,,,,,,,
,,,,,,,,
,,,,,,,,
,,,,,,,,
,,,,,,,,
,,,,,,,,
,,,,,,,,
,,,,,,,,
,,,,,,,,
,,,,,,,,
,,,,,,,,
,,,,,,,,
,,,,,,,,
,,,,,,,,
,,,,,,,,
,,,,,,,,
,,,,,,,,
,,,,,,,,
,,,,,,,,
,,,,,,,,
,,,,,,,,
,,,,,,,,
,,,,,,,,
,,,,,,,,
,,,,,,,,
,,,,,,,,
,,,,,,,,
,,,,,,,,
,,,,,,,,
,,,,,,,,
,,,,,,,,
,,,,,,,,
,,,,,,,,
,,,,,,,,
,,,,,,,,
,,,,,,,,
,,,,,,,,
,,,,,,,,
,,,,,,,,
,,,,,,,,
,,,,,,,,
,,,,,,,,
,,,,,,,,
,,,,,,,,
,,,,,,,,
,,,,,,,,
,,,,,,,,
,,,,,,,,
,,,,,,,,
,,,,,,,,
,,,,,,,,
,,,,,,,,
,,,,,,,,
,,,,,,,,
,,,,,,,,
,,,,,,,,
,,,,,,,,
,,,,,,,,
,,,,,,,,
,,,,,,,,
,,,,,,,,
,,,,,,,,
,,,,,,,,
,,,,,,,,
,,,,,,,,
,,,,,,,,
,,,,,,,,
,,,,,,,,
,,,,,,,,
,,,,,,,,
,,,,,,,,
,,,,,,,,
,,,,,,,,
,,,,,,,,
,,,,,,,,
,,,,,,,,
,,,,,,,,
,,,,,,,,
,,,,,,,,
,,,,,,,,
,,,,,,,,
,,,,,,,,
,,,,,,,,
,,,,,,,,
,,,,,,,,
,,,,,,,,
,,,,,,,,
,,,,,,,,
,,,,,,,,
,,,,,,,,
,,,,,,,,
,,,,,,,,
,,,,,,,,
,,,,,,,,
,,,,,,,,
,,,,,,,,
,,,,,,,,
,,,,,,,,
,,,,,,,,
,,,,,,,,
,,,,,,,,
,,,,,,,,
,,,,,,,,
,,,,,,,,
,,,,,,,,
,,,,,,,,
,,,,,,,,
,,,,,,,,
,,,,,,,,
,,,,,,,,
,,,,,,,,
,,,,,,,,
,,,,,,,,
,,,,,,,,
,,,,,,,,
,,,,,,,,
,,,,,,,,
,,,,,,,,
,,,,,,,,
,,,,,,,,
,,,,,,,,
